first_name,last_name,email,gender,start_date,department_id,salary_id,avatar_url
Honey,Jennens,hjennens0@miitbeian.gov.cn,Female,2021-05-11,105,8000,https://robohash.org/consequaturminusitaque.png?size=50x50&set=set1
Pascal,Templeton,ptempleton1@unesco.org,Male,2014-09-26,101,8002,https://robohash.org/sintminusdolores.png?size=50x50&set=set1
Paula,Kirkham,pkirkham2@wsj.com,Female,2013-07-24,105,8003,https://robohash.org/itaquequisquamvel.png?size=50x50&set=set1
Judd,Kuhnwald,jkuhnwald3@xrea.com,Male,2014-05-13,102,8000,https://robohash.org/eosdolorofficiis.png?size=50x50&set=set1
Warren,Lornsen,wlornsen4@moonfruit.com,Male,2017-10-13,102,8004,https://robohash.org/repellatestneque.png?size=50x50&set=set1
Werner,Patifield,wpatifield5@state.tx.us,Male,2014-03-07,101,8003,https://robohash.org/dictahiclaudantium.png?size=50x50&set=set1
Mohammed,Dalziel,mdalziel6@netvibes.com,Male,2021-07-07,105,8000,https://robohash.org/inventorevoluptatumveniam.png?size=50x50&set=set1
Fredric,MacLeese,fmacleese7@google.ca,Male,2023-01-11,101,8003,https://robohash.org/nonsuntest.png?size=50x50&set=set1
Urbano,Rogez,urogez8@disqus.com,Male,2022-02-21,103,8001,https://robohash.org/animidoloresex.png?size=50x50&set=set1
Lothario,Foresight,lforesight9@ucla.edu,Male,2019-10-15,100,8004,https://robohash.org/odiositcumque.png?size=50x50&set=set1
Darya,Benwell,dbenwella@nydailynews.com,Female,2014-04-10,100,8004,https://robohash.org/autemeaquemaxime.png?size=50x50&set=set1
Barnebas,Falconar,bfalconarb@quantcast.com,Male,2020-03-20,105,8004,https://robohash.org/occaecatimagniet.png?size=50x50&set=set1
Baxie,Bulgen,bbulgenc@delicious.com,Male,2016-09-20,104,8003,https://robohash.org/atdolorumvoluptatibus.png?size=50x50&set=set1
Tori,Degnen,tdegnend@sciencedaily.com,Female,2014-07-03,101,8002,https://robohash.org/utminimasit.png?size=50x50&set=set1
Alonso,Halversen,ahalversene@nature.com,Male,2012-11-09,101,8001,https://robohash.org/necessitatibussuntexpedita.png?size=50x50&set=set1
Roselin,McMullen,rmcmullenf@nifty.com,Female,2021-10-26,102,8001,https://robohash.org/aliaslaudantiumcommodi.png?size=50x50&set=set1
Eddi,Stirgess,estirgessg@paypal.com,Female,2013-06-26,105,8002,https://robohash.org/atqueminimadolorum.png?size=50x50&set=set1
Orren,Ryall,oryallh@si.edu,Male,2020-06-28,104,8001,https://robohash.org/magnihictemporibus.png?size=50x50&set=set1
Doralynn,Vernall,dvernalli@artisteer.com,Female,2014-02-18,105,8001,https://robohash.org/fugitofficiisquaerat.png?size=50x50&set=set1
Ange,Fawltey,afawlteyj@joomla.org,Bigender,2015-05-19,103,8004,https://robohash.org/dignissimosdebitisamet.png?size=50x50&set=set1
Hyatt,Bandt,hbandtk@europa.eu,Male,2020-09-10,103,8000,https://robohash.org/reiciendisoptioasperiores.png?size=50x50&set=set1
Inger,Standen,istandenl@youtube.com,Male,2024-03-27,105,8004,https://robohash.org/perspiciatissitunde.png?size=50x50&set=set1
Rania,Groves,rgrovesm@sitemeter.com,Female,2012-11-19,101,8002,https://robohash.org/repellendusquiqui.png?size=50x50&set=set1
Lucius,Morsey,lmorseyn@ebay.co.uk,Genderfluid,2018-06-01,103,8003,https://robohash.org/laborumquoearum.png?size=50x50&set=set1
Angus,Kimblen,akimbleno@aboutads.info,Male,2023-07-25,102,8000,https://robohash.org/namvelet.png?size=50x50&set=set1
Vivian,Kimmerling,vkimmerlingp@wp.com,Female,2021-12-26,101,8001,https://robohash.org/delectusutqui.png?size=50x50&set=set1
Sawyere,Freeborn,sfreebornq@rambler.ru,Male,2016-07-19,100,8003,https://robohash.org/natusetcum.png?size=50x50&set=set1
Ynes,Cavanagh,ycavanaghr@usda.gov,Female,2017-08-26,103,8004,https://robohash.org/asperioresmagnidelectus.png?size=50x50&set=set1
Heddie,Carpe,hcarpes@cpanel.net,Female,2020-10-16,101,8002,https://robohash.org/distinctiomagnireprehenderit.png?size=50x50&set=set1
Thorny,Figgs,tfiggst@blogspot.com,Male,2014-07-17,105,8001,https://robohash.org/dictarationequasi.png?size=50x50&set=set1
Kimbell,Courson,kcoursonu@patch.com,Male,2019-05-28,100,8001,https://robohash.org/nondistinctioquam.png?size=50x50&set=set1
Adara,Penritt,apenrittv@eepurl.com,Female,2016-05-28,103,8000,https://robohash.org/maioresfacereillum.png?size=50x50&set=set1
Petra,Hand,phandw@google.it,Female,2023-06-23,100,8000,https://robohash.org/eumenimquia.png?size=50x50&set=set1
Arnuad,MacGown,amacgownx@yelp.com,Male,2022-03-21,105,8001,https://robohash.org/laboriosamvoluptatemaut.png?size=50x50&set=set1
Ryan,Yakolev,ryakolevy@bing.com,Male,2018-10-12,104,8003,https://robohash.org/eumnihilipsam.png?size=50x50&set=set1
Shelagh,Vigers,svigersz@exblog.jp,Female,2024-06-21,103,8004,https://robohash.org/voluptatemblanditiisautem.png?size=50x50&set=set1
Gwenora,Goomes,ggoomes10@illinois.edu,Female,2024-02-02,101,8003,https://robohash.org/ipsafacilisenim.png?size=50x50&set=set1
Derby,Kuschke,dkuschke11@goodreads.com,Male,2015-01-24,103,8003,https://robohash.org/temporibusetea.png?size=50x50&set=set1
Uta,Hammerton,uhammerton12@zimbio.com,Female,2013-07-08,103,8002,https://robohash.org/corruptisitquia.png?size=50x50&set=set1
Ralf,Roddick,rroddick13@w3.org,Male,2022-07-18,105,8000,https://robohash.org/corruptiesseneque.png?size=50x50&set=set1
Leeanne,Liccardo,lliccardo14@elpais.com,Female,2020-10-29,103,8004,https://robohash.org/voluptatumquisaperiam.png?size=50x50&set=set1
Virgie,Chestnut,vchestnut15@un.org,Female,2023-08-06,104,8001,https://robohash.org/aliasestut.png?size=50x50&set=set1
Papagena,Vasilov,pvasilov16@businessinsider.com,Female,2015-11-30,101,8004,https://robohash.org/aliquamminuscorrupti.png?size=50x50&set=set1
Ingaberg,Farryann,ifarryann17@mtv.com,Female,2022-12-29,101,8003,https://robohash.org/quiharumrepellat.png?size=50x50&set=set1
Joshia,Ritmeyer,jritmeyer18@discuz.net,Agender,2021-08-17,101,8003,https://robohash.org/temporanonducimus.png?size=50x50&set=set1
Louie,Sexcey,lsexcey19@about.com,Male,2024-04-02,100,8002,https://robohash.org/temporacommodiet.png?size=50x50&set=set1
Toddy,Meaddowcroft,tmeaddowcroft1a@deliciousdays.com,Male,2018-05-11,103,8003,https://robohash.org/nostrumtotamut.png?size=50x50&set=set1
Wyatt,Darnbrough,wdarnbrough1b@quantcast.com,Male,2013-06-01,103,8001,https://robohash.org/providentipsamatque.png?size=50x50&set=set1
Inge,Padell,ipadell1c@howstuffworks.com,Female,2014-04-24,102,8004,https://robohash.org/utcumqui.png?size=50x50&set=set1
Bevin,Aspital,baspital1d@creativecommons.org,Agender,2016-02-17,103,8001,https://robohash.org/utvelmolestiae.png?size=50x50&set=set1
Bastien,Ironside,bironside1e@europa.eu,Male,2017-10-01,100,8003,https://robohash.org/similiquelaborumvoluptatum.png?size=50x50&set=set1
Jacques,Stendell,jstendell1f@hc360.com,Male,2023-07-15,104,8000,https://robohash.org/sintquisfacere.png?size=50x50&set=set1
Gherardo,Garwood,ggarwood1g@etsy.com,Male,2014-09-07,104,8001,https://robohash.org/totamharumipsam.png?size=50x50&set=set1
Dollie,Giacopazzi,dgiacopazzi1h@elpais.com,Female,2016-10-09,105,8000,https://robohash.org/odioconsecteturenim.png?size=50x50&set=set1
Terri-jo,Gilluley,tgilluley1i@pen.io,Female,2015-12-02,103,8004,https://robohash.org/nihilvoluptatessed.png?size=50x50&set=set1
Christoper,Hayle,chayle1j@amazonaws.com,Male,2022-01-31,101,8003,https://robohash.org/quasofficiissapiente.png?size=50x50&set=set1
Derrik,Chilver,dchilver1k@aboutads.info,Genderfluid,2021-05-26,101,8003,https://robohash.org/voluptasrerumvoluptas.png?size=50x50&set=set1
Willdon,Abrahamian,wabrahamian1l@mediafire.com,Male,2018-01-24,105,8001,https://robohash.org/maximepossimusin.png?size=50x50&set=set1
Winston,Hilley,whilley1m@disqus.com,Male,2021-12-02,101,8001,https://robohash.org/ullamdoloribussed.png?size=50x50&set=set1
Vivyanne,McCambrois,vmccambrois1n@un.org,Female,2022-09-08,103,8004,https://robohash.org/illoaccusamusexplicabo.png?size=50x50&set=set1
Lorine,Slidders,lslidders1o@nps.gov,Female,2020-07-19,104,8003,https://robohash.org/solutaconsequaturvoluptatibus.png?size=50x50&set=set1
Gavrielle,Blazdell,gblazdell1p@t-online.de,Female,2015-10-16,101,8002,https://robohash.org/deseruntsintquia.png?size=50x50&set=set1
Son,Lesly,slesly1q@com.com,Male,2020-05-31,102,8004,https://robohash.org/quiimpeditut.png?size=50x50&set=set1
Tanhya,Biggar,tbiggar1r@sciencedaily.com,Female,2021-07-30,100,8004,https://robohash.org/eaqueasperioresaut.png?size=50x50&set=set1
Conrado,Petren,cpetren1s@live.com,Male,2020-11-18,105,8000,https://robohash.org/eaexcepturiharum.png?size=50x50&set=set1
Ursuline,Bowhay,ubowhay1t@joomla.org,Female,2018-07-14,105,8001,https://robohash.org/eaqueipsumquia.png?size=50x50&set=set1
Benedict,Crosi,bcrosi1u@mozilla.org,Male,2016-07-26,104,8004,https://robohash.org/facilislaborumporro.png?size=50x50&set=set1
Kissiah,Denisard,kdenisard1v@weebly.com,Female,2024-08-22,105,8000,https://robohash.org/itaqueillumid.png?size=50x50&set=set1
Hermie,Carslaw,hcarslaw1w@miibeian.gov.cn,Non-binary,2016-02-03,100,8004,https://robohash.org/liberoipsuminventore.png?size=50x50&set=set1
Arabela,Gherardi,agherardi1x@pinterest.com,Female,2012-12-23,101,8001,https://robohash.org/temporibusquisdolorem.png?size=50x50&set=set1
Daphene,Sevin,dsevin1y@hubpages.com,Female,2023-07-22,100,8002,https://robohash.org/possimustotamratione.png?size=50x50&set=set1
Fawnia,Hebbron,fhebbron1z@squidoo.com,Female,2016-08-13,102,8002,https://robohash.org/verodelectusut.png?size=50x50&set=set1
Patrice,Trowle,ptrowle20@flavors.me,Male,2019-12-25,101,8002,https://robohash.org/exercitationemnonea.png?size=50x50&set=set1
Mellisa,Pecha,mpecha21@scribd.com,Female,2012-12-02,103,8003,https://robohash.org/ullamenimfugiat.png?size=50x50&set=set1
Hercules,Cathel,hcathel22@creativecommons.org,Male,2016-04-06,101,8002,https://robohash.org/quidemestaut.png?size=50x50&set=set1
Luigi,Cullotey,lcullotey23@yahoo.com,Male,2024-07-15,102,8004,https://robohash.org/omnisdignissimoseos.png?size=50x50&set=set1
Rafaello,Kornes,rkornes24@senate.gov,Male,2016-11-04,105,8001,https://robohash.org/etrerumcorrupti.png?size=50x50&set=set1
Reece,Mosedall,rmosedall25@nytimes.com,Male,2018-11-20,102,8000,https://robohash.org/sednobislibero.png?size=50x50&set=set1
Siana,Seide,sseide26@tumblr.com,Female,2018-03-26,104,8000,https://robohash.org/autconsectetursuscipit.png?size=50x50&set=set1
Alisun,Jealous,ajealous27@drupal.org,Female,2024-08-16,105,8001,https://robohash.org/eumautemqui.png?size=50x50&set=set1
Constancy,Huntingford,chuntingford28@bigcartel.com,Female,2023-09-18,103,8000,https://robohash.org/remdebitiseius.png?size=50x50&set=set1
Cecily,Bradbrook,cbradbrook29@a8.net,Female,2022-04-25,100,8000,https://robohash.org/placeatdoloribusut.png?size=50x50&set=set1
Helaine,O'Dulchonta,hodulchonta2a@i2i.jp,Female,2015-07-03,103,8002,https://robohash.org/suntomnisdeserunt.png?size=50x50&set=set1
Shurwood,Kirstein,skirstein2b@epa.gov,Male,2023-11-17,103,8004,https://robohash.org/nihilnesciuntrepellendus.png?size=50x50&set=set1
Lesly,Bennington,lbennington2c@biblegateway.com,Female,2019-02-25,105,8000,https://robohash.org/repellatassumendavelit.png?size=50x50&set=set1
Arabella,Sizland,asizland2d@mtv.com,Female,2016-08-08,102,8001,https://robohash.org/accusamusautemvero.png?size=50x50&set=set1
Ingeberg,Ridewood,iridewood2e@usnews.com,Female,2013-08-01,101,8004,https://robohash.org/consequaturvelitdeleniti.png?size=50x50&set=set1
Vincent,Vidgeon,vvidgeon2f@yellowpages.com,Male,2015-03-27,102,8000,https://robohash.org/doloresquisquamsit.png?size=50x50&set=set1
Louise,Honywill,lhonywill2g@mozilla.org,Female,2019-04-19,105,8004,https://robohash.org/doloremquised.png?size=50x50&set=set1
Tam,Tyson,ttyson2h@uol.com.br,Polygender,2021-04-05,102,8002,https://robohash.org/esttemporaullam.png?size=50x50&set=set1
Penrod,Ivakhnov,pivakhnov2i@cornell.edu,Male,2016-02-18,102,8001,https://robohash.org/illumautvoluptate.png?size=50x50&set=set1
Anabelle,Benedicte,abenedicte2j@samsung.com,Female,2021-02-28,105,8000,https://robohash.org/etarchitectoquod.png?size=50x50&set=set1
Oliy,Whellans,owhellans2k@etsy.com,Genderfluid,2022-01-13,102,8004,https://robohash.org/placeatprovidentdignissimos.png?size=50x50&set=set1
Giacobo,Artz,gartz2l@hao123.com,Male,2023-08-05,105,8001,https://robohash.org/voluptatemautdolorem.png?size=50x50&set=set1
Tomkin,Castel,tcastel2m@ox.ac.uk,Male,2014-12-06,105,8004,https://robohash.org/eiusdignissimosrecusandae.png?size=50x50&set=set1
Karna,Riggulsford,kriggulsford2n@cyberchimps.com,Polygender,2024-08-25,103,8000,https://robohash.org/accusantiumiuresed.png?size=50x50&set=set1
Carmelita,Legges,clegges2o@icq.com,Female,2024-05-01,105,8004,https://robohash.org/mollitiamaioresincidunt.png?size=50x50&set=set1
Pepito,French,pfrench2p@fda.gov,Male,2020-12-19,105,8001,https://robohash.org/fugiattemporatempore.png?size=50x50&set=set1
Bridget,Plume,bplume2q@zdnet.com,Female,2021-01-21,101,8000,https://robohash.org/voluptatemreprehenderitaut.png?size=50x50&set=set1
Ben,Balffye,bbalffye2r@globo.com,Male,2021-04-09,105,8000,https://robohash.org/saepenihilid.png?size=50x50&set=set1
Michele,Bickerstaffe,mbickerstaffe2s@mtv.com,Genderqueer,2021-08-22,101,8001,https://robohash.org/autmaximererum.png?size=50x50&set=set1
Angelle,Kondratyuk,akondratyuk2t@google.com,Female,2016-11-02,101,8004,https://robohash.org/nesciuntnumquameligendi.png?size=50x50&set=set1
Mathilde,Maffucci,mmaffucci2u@paypal.com,Agender,2023-10-11,102,8002,https://robohash.org/quasiquiest.png?size=50x50&set=set1
Zorah,Hatrick,zhatrick2v@oaic.gov.au,Female,2014-11-09,101,8001,https://robohash.org/nihilpraesentiumunde.png?size=50x50&set=set1
Bengt,Prichard,bprichard2w@ft.com,Male,2014-07-11,102,8000,https://robohash.org/esteiusesse.png?size=50x50&set=set1
Clerkclaude,Westrope,cwestrope2x@livejournal.com,Male,2023-02-13,105,8003,https://robohash.org/idmagnamdistinctio.png?size=50x50&set=set1
Katharyn,Ayshford,kayshford2y@jimdo.com,Female,2015-06-12,103,8004,https://robohash.org/quodoloribusquam.png?size=50x50&set=set1
Alidia,Greenman,agreenman2z@ed.gov,Female,2015-03-04,104,8000,https://robohash.org/similiquevoluptatumdolores.png?size=50x50&set=set1
Ranee,Dutteridge,rdutteridge30@discuz.net,Female,2018-05-20,101,8003,https://robohash.org/nonvelquas.png?size=50x50&set=set1
Biron,Dubock,bdubock31@discuz.net,Male,2016-01-26,100,8004,https://robohash.org/consequaturnamvelit.png?size=50x50&set=set1
Sergent,McKevitt,smckevitt32@elegantthemes.com,Male,2022-11-30,103,8004,https://robohash.org/etquisquampraesentium.png?size=50x50&set=set1
Massimiliano,Johanning,mjohanning33@time.com,Male,2017-07-17,102,8000,https://robohash.org/blanditiisdoloraut.png?size=50x50&set=set1
Camilla,Stickler,cstickler34@illinois.edu,Female,2021-11-27,105,8004,https://robohash.org/nonfacilisin.png?size=50x50&set=set1
Asia,Edon,aedon35@ifeng.com,Female,2019-12-05,105,8002,https://robohash.org/quiaexplicaboautem.png?size=50x50&set=set1
Clemmie,McAreavey,cmcareavey36@fema.gov,Female,2023-05-25,104,8004,https://robohash.org/advitaepariatur.png?size=50x50&set=set1
Rollins,Bannon,rbannon37@ft.com,Male,2014-06-06,102,8003,https://robohash.org/necessitatibusdebitisblanditiis.png?size=50x50&set=set1
Giordano,Goligher,ggoligher38@dyndns.org,Male,2021-05-21,101,8004,https://robohash.org/numquamquipraesentium.png?size=50x50&set=set1
Dylan,Skalls,dskalls39@deviantart.com,Male,2013-06-11,105,8000,https://robohash.org/quisquamiureminima.png?size=50x50&set=set1
Carey,Clery,cclery3a@europa.eu,Female,2012-11-18,105,8000,https://robohash.org/sunttemporibusquia.png?size=50x50&set=set1
Melissa,Mattia,mmattia3b@telegraph.co.uk,Female,2018-07-03,104,8003,https://robohash.org/praesentiumcommodimaxime.png?size=50x50&set=set1
Nikolos,Pocklington,npocklington3c@msu.edu,Male,2021-05-31,104,8000,https://robohash.org/inciduntrerumet.png?size=50x50&set=set1
Euell,Sans,esans3d@networkadvertising.org,Male,2021-03-27,101,8001,https://robohash.org/nisiplaceatnatus.png?size=50x50&set=set1
Lewes,Swindell,lswindell3e@clickbank.net,Male,2016-01-02,102,8000,https://robohash.org/eaetsint.png?size=50x50&set=set1
Fabien,Hele,fhele3f@trellian.com,Genderqueer,2018-07-23,100,8002,https://robohash.org/utexercitationemet.png?size=50x50&set=set1
Arden,Halegarth,ahalegarth3g@delicious.com,Female,2023-05-06,104,8003,https://robohash.org/estconsequaturincidunt.png?size=50x50&set=set1
Ardella,Hynde,ahynde3h@edublogs.org,Female,2020-04-19,103,8003,https://robohash.org/perferendisquidemqui.png?size=50x50&set=set1
Ansel,Sedgmond,asedgmond3i@hao123.com,Male,2017-04-20,100,8003,https://robohash.org/molestiasestaut.png?size=50x50&set=set1
Gaby,Astman,gastman3j@washingtonpost.com,Female,2024-10-02,104,8002,https://robohash.org/eteligendisunt.png?size=50x50&set=set1
Darice,Normandale,dnormandale3k@tripod.com,Female,2023-07-19,101,8000,https://robohash.org/reiciendisasperioreset.png?size=50x50&set=set1
Judie,Prisley,jprisley3l@mac.com,Female,2024-04-12,104,8000,https://robohash.org/saepesedanimi.png?size=50x50&set=set1
Hershel,Cartmell,hcartmell3m@wsj.com,Genderfluid,2016-08-04,101,8000,https://robohash.org/facilissedtempore.png?size=50x50&set=set1
Tad,Clardge,tclardge3n@tripod.com,Male,2015-02-11,101,8004,https://robohash.org/voluptatemevenietnatus.png?size=50x50&set=set1
Ginnifer,Bengal,gbengal3o@a8.net,Female,2020-09-03,105,8001,https://robohash.org/omnisvoluptatemporro.png?size=50x50&set=set1
Marty,Stennine,mstennine3p@t.co,Male,2024-01-03,100,8001,https://robohash.org/quodistinctiovel.png?size=50x50&set=set1
Bernard,Rosini,brosini3q@ow.ly,Male,2018-06-18,100,8000,https://robohash.org/reprehenderitreiciendisarchitecto.png?size=50x50&set=set1
Abigael,Brood,abrood3r@ow.ly,Female,2013-04-28,104,8002,https://robohash.org/nemosapientetemporibus.png?size=50x50&set=set1
Erie,Shaefer,eshaefer3s@biglobe.ne.jp,Male,2022-06-15,105,8001,https://robohash.org/doloreautvoluptatem.png?size=50x50&set=set1
Whittaker,Tumber,wtumber3t@netlog.com,Male,2016-08-03,100,8002,https://robohash.org/estrecusandaefacere.png?size=50x50&set=set1
Lauralee,Palomba,lpalomba3u@vimeo.com,Female,2022-02-03,101,8003,https://robohash.org/molestiaeineius.png?size=50x50&set=set1
Carlina,Sword,csword3v@buzzfeed.com,Female,2021-12-07,104,8004,https://robohash.org/consequaturomniset.png?size=50x50&set=set1
Pasquale,Vanyashkin,pvanyashkin3w@wsj.com,Agender,2022-04-10,103,8001,https://robohash.org/repellatlaborumut.png?size=50x50&set=set1
Paige,Owbridge,powbridge3x@kickstarter.com,Female,2021-03-05,101,8000,https://robohash.org/ametdolorqui.png?size=50x50&set=set1
Valeda,Bello,vbello3y@csmonitor.com,Female,2019-08-15,104,8000,https://robohash.org/nostrumquisquamnecessitatibus.png?size=50x50&set=set1
Currie,Marciek,cmarciek3z@prweb.com,Male,2022-11-23,100,8000,https://robohash.org/animiquaeratid.png?size=50x50&set=set1
Geordie,Candwell,gcandwell40@w3.org,Male,2019-02-02,104,8001,https://robohash.org/quieteum.png?size=50x50&set=set1
Stephana,Von Hindenburg,svonhindenburg41@omniture.com,Female,2012-12-27,105,8004,https://robohash.org/eavoluptasullam.png?size=50x50&set=set1
Gillian,Huffer,ghuffer42@wp.com,Female,2021-09-18,101,8000,https://robohash.org/totamdoloresmodi.png?size=50x50&set=set1
Orlando,Strutton,ostrutton43@last.fm,Male,2015-06-02,103,8001,https://robohash.org/placeatbeataecupiditate.png?size=50x50&set=set1
Dennie,Mosconi,dmosconi44@github.io,Female,2013-07-14,104,8004,https://robohash.org/omnisconsequaturomnis.png?size=50x50&set=set1
Antonius,Dyter,adyter45@topsy.com,Male,2023-05-20,101,8001,https://robohash.org/adnihilquisquam.png?size=50x50&set=set1
Tory,Naylor,tnaylor46@feedburner.com,Female,2021-01-02,102,8003,https://robohash.org/autetnihil.png?size=50x50&set=set1
Kessiah,Stoddard,kstoddard47@blogspot.com,Female,2024-01-15,100,8003,https://robohash.org/voluptasquasiut.png?size=50x50&set=set1
Pauline,Tiddy,ptiddy48@theguardian.com,Female,2014-04-18,104,8004,https://robohash.org/oditaspernaturqui.png?size=50x50&set=set1
Sascha,Quantick,squantick49@ox.ac.uk,Female,2022-10-07,100,8002,https://robohash.org/quidemsequiet.png?size=50x50&set=set1
Raddie,Vasilchikov,rvasilchikov4a@addtoany.com,Male,2018-12-07,104,8004,https://robohash.org/molestiasremet.png?size=50x50&set=set1
Elonore,Roddy,eroddy4b@github.io,Female,2020-01-19,105,8000,https://robohash.org/quiaetneque.png?size=50x50&set=set1
Amii,Dalloway,adalloway4c@bloglines.com,Female,2021-03-21,104,8000,https://robohash.org/cumquedolorumomnis.png?size=50x50&set=set1
Jesse,Sooley,jsooley4d@eepurl.com,Bigender,2017-06-25,103,8004,https://robohash.org/nemononvoluptatem.png?size=50x50&set=set1
Reg,Cossom,rcossom4e@yolasite.com,Male,2016-06-15,100,8000,https://robohash.org/voluptatemnatusvoluptatem.png?size=50x50&set=set1
Inger,Cottesford,icottesford4f@de.vu,Female,2016-02-26,102,8001,https://robohash.org/sapientedoloremqueplaceat.png?size=50x50&set=set1
Madlin,Errichi,merrichi4g@squidoo.com,Female,2018-12-17,100,8001,https://robohash.org/culpaevenietducimus.png?size=50x50&set=set1
Alvinia,Chaudrelle,achaudrelle4h@printfriendly.com,Female,2019-03-11,102,8000,https://robohash.org/etlaboreinventore.png?size=50x50&set=set1
Bidget,Gaither,bgaither4i@cocolog-nifty.com,Female,2017-03-11,103,8004,https://robohash.org/rerumsapienteodit.png?size=50x50&set=set1
Petey,Hebard,phebard4j@si.edu,Male,2021-04-17,103,8000,https://robohash.org/estsitsit.png?size=50x50&set=set1
Germayne,Trobridge,gtrobridge4k@eventbrite.com,Male,2020-05-11,101,8000,https://robohash.org/necessitatibushicqui.png?size=50x50&set=set1
Gerald,Brotherick,gbrotherick4l@boston.com,Male,2024-05-21,103,8003,https://robohash.org/omnisnullavoluptas.png?size=50x50&set=set1
Henka,Fontenot,hfontenot4m@ehow.com,Female,2024-04-09,101,8003,https://robohash.org/voluptatefaciliscorporis.png?size=50x50&set=set1
Bryn,Colvill,bcolvill4n@hugedomains.com,Female,2017-08-06,101,8000,https://robohash.org/facilisofficiisconsectetur.png?size=50x50&set=set1
Janenna,Brandreth,jbrandreth4o@sakura.ne.jp,Female,2019-07-28,100,8000,https://robohash.org/laboriosamrepellatsimilique.png?size=50x50&set=set1
Myrvyn,Glasscoo,mglasscoo4p@discovery.com,Male,2022-07-23,105,8002,https://robohash.org/consequunturexplicabotemporibus.png?size=50x50&set=set1
Dexter,Windmill,dwindmill4q@forbes.com,Male,2013-04-18,100,8004,https://robohash.org/autfugareprehenderit.png?size=50x50&set=set1
Arlette,Castano,acastano4r@sphinn.com,Female,2022-02-01,104,8002,https://robohash.org/noneosa.png?size=50x50&set=set1
Tamiko,Ceci,tceci4s@netvibes.com,Female,2017-09-04,104,8000,https://robohash.org/doloremquedoloremollitia.png?size=50x50&set=set1
Linnell,Paulou,lpaulou4t@odnoklassniki.ru,Female,2017-04-14,102,8004,https://robohash.org/autquiodio.png?size=50x50&set=set1
Sammy,Kenway,skenway4u@nytimes.com,Female,2017-07-26,105,8000,https://robohash.org/velnonvoluptatem.png?size=50x50&set=set1
Wat,Gauvain,wgauvain4v@theatlantic.com,Male,2013-11-27,104,8003,https://robohash.org/eaquenequeet.png?size=50x50&set=set1
Devan,Delamere,ddelamere4w@php.net,Female,2023-08-20,104,8002,https://robohash.org/autinciduntfacere.png?size=50x50&set=set1
Hobard,McKelvie,hmckelvie4x@jugem.jp,Male,2014-04-24,103,8004,https://robohash.org/doloreveliterror.png?size=50x50&set=set1
Willem,Karlik,wkarlik4y@alibaba.com,Male,2017-06-10,103,8004,https://robohash.org/quiipsadolorem.png?size=50x50&set=set1
Shelba,Hekkert,shekkert4z@youtube.com,Female,2020-09-25,101,8002,https://robohash.org/autdignissimosut.png?size=50x50&set=set1
Brunhilda,Shewan,bshewan50@github.com,Female,2022-05-26,105,8000,https://robohash.org/etdictaquis.png?size=50x50&set=set1
Selle,Peirce,speirce51@youtu.be,Female,2013-06-25,100,8000,https://robohash.org/voluptasdoloresratione.png?size=50x50&set=set1
Rafferty,Pendered,rpendered52@histats.com,Male,2022-04-13,104,8003,https://robohash.org/oditcommodiconsequatur.png?size=50x50&set=set1
Fanny,Stolte,fstolte53@jiathis.com,Female,2020-05-28,103,8002,https://robohash.org/deseruntquiscommodi.png?size=50x50&set=set1
Yehudit,Pringle,ypringle54@chron.com,Male,2016-02-19,102,8001,https://robohash.org/consecteturarchitectoquis.png?size=50x50&set=set1
Willie,Lockley,wlockley55@ebay.com,Male,2013-05-15,100,8001,https://robohash.org/sequiodioex.png?size=50x50&set=set1
Ingram,Bellefant,ibellefant56@cam.ac.uk,Male,2024-01-25,102,8001,https://robohash.org/repellendusillooptio.png?size=50x50&set=set1
Alayne,Ottosen,aottosen57@nydailynews.com,Female,2018-08-02,103,8004,https://robohash.org/oditaperiamvelit.png?size=50x50&set=set1
Aubrey,Pilcher,apilcher58@xing.com,Non-binary,2014-06-17,101,8000,https://robohash.org/quiipsammaiores.png?size=50x50&set=set1
Julee,Antoinet,jantoinet59@arstechnica.com,Female,2015-06-15,104,8004,https://robohash.org/doloresnatusqui.png?size=50x50&set=set1
Pepi,Mathieson,pmathieson5a@yahoo.co.jp,Female,2018-09-17,105,8001,https://robohash.org/voluptasfugiatdebitis.png?size=50x50&set=set1
Farly,Cappleman,fcappleman5b@ifeng.com,Male,2019-02-09,103,8004,https://robohash.org/debitissintquod.png?size=50x50&set=set1
Ervin,Carne,ecarne5c@vkontakte.ru,Male,2013-01-27,100,8000,https://robohash.org/perferendisquisvoluptates.png?size=50x50&set=set1
Tessy,Morfell,tmorfell5d@economist.com,Female,2013-12-08,104,8001,https://robohash.org/velitdelenitidicta.png?size=50x50&set=set1
Imogene,Kapiloff,ikapiloff5e@cdbaby.com,Female,2022-06-20,104,8003,https://robohash.org/maximeestminus.png?size=50x50&set=set1
Moshe,Cullagh,mcullagh5f@tinyurl.com,Male,2022-04-04,105,8002,https://robohash.org/doloreauteum.png?size=50x50&set=set1
Loren,Curness,lcurness5g@foxnews.com,Male,2020-11-12,103,8001,https://robohash.org/pariaturetut.png?size=50x50&set=set1
Orren,Pizey,opizey5h@flavors.me,Non-binary,2013-06-15,102,8002,https://robohash.org/optioametducimus.png?size=50x50&set=set1
Hewitt,Verheyden,hverheyden5i@digg.com,Male,2020-08-10,103,8000,https://robohash.org/assumendanullaeaque.png?size=50x50&set=set1
,,,,,,,
,,,,,,,